B-26055,3-Oct-2018,Harivansh,Uttar Pradesh,Mathura
B-25993,2-Mar-2018,Madhav,Delhi,Delhi
B-25973,24-Jan-2018,Madan Mohan,Uttar Pradesh,Mathura
B-25923,27-Dec-2018,Gopal,Maharashtra,Mumbai
B-25757,21-Aug-2018,Vishakha,Madhya Pradesh,Indore
B-25967,21-Jan-2018,Sudevi,Uttar Pradesh,Prayagraj
B-25955,16-Jan-2018,Shiva,Maharashtra,Pune
B-26093,27-Mar-2018,Sarita,Maharashtra,Pune
B-25798,10-Jan-2018,Shishu,Andhra Pradesh,Hyderabad
B-25602,4-Jan-2018,Vrinda,Maharashtra,Pune
B-25858,13-Nov-2018,Uudhav,Maharashtra,Mumbai
